,date,code,open,high,low,close,preclose,volume,amount,adjustflag,turn,tradestatus,pctChg,peTTM,pbMRQ,psTTM,pcfNcfTTM,isST
0,2020-12-08,sh.605376,14.0300,16.8300,14.0300,16.8300,11.6900,461509,7747876.4700,3,0.705700,1,43.969200,29.431721,6.469087,8.275145,-222.748395,0
1,2020-12-09,sh.605376,18.5100,18.5100,18.5100,18.5100,16.8300,147790,2735592.9000,3,0.226000,1,9.982200,32.369647,7.114843,9.101185,-244.983529,0
2,2020-12-10,sh.605376,20.3600,20.3600,20.3600,20.3600,18.5100,114958,2340544.8800,3,0.175800,1,9.994600,35.604863,7.825943,10.010811,-269.468646,0
3,2020-12-11,sh.605376,22.4000,22.4000,22.4000,22.4000,20.3600,1452187,32528988.8000,3,2.220500,1,10.019600,39.172344,8.610075,11.013859,-296.468452,0
4,2020-12-14,sh.605376,24.6400,24.6400,24.6400,24.6400,22.4000,1762942,43438890.8800,3,2.695600,1,10.000000,43.089579,9.471082,12.115245,-326.115297,0
5,2020-12-15,sh.605376,27.1000,27.1000,27.1000,27.1000,24.6400,789100,21384610.0000,3,1.206600,1,9.983800,47.391541,10.416653,13.324803,-358.673886,0
6,2020-12-16,sh.605376,29.8100,29.8100,29.8100,29.8100,27.1000,9427439,281031956.5900,3,14.415000,1,10.000000,52.130696,11.458318,14.657283,-394.541275,0
7,2020-12-17,sh.605376,32.7900,32.7900,32.7800,32.7900,29.8100,10902800,357502802.0000,3,16.670900,1,9.996600,57.342016,12.603766,16.122520,-433.982167,0
8,2020-12-18,sh.605376,36.0700,36.0700,36.0700,36.0700,32.7900,493849,17813133.4300,3,0.755100,1,10.003000,63.077967,13.864527,17.735263,-477.393619,0
9,2020-12-21,sh.605376,39.0000,39.0000,33.2000,35.9700,36.0700,36212990,1298979738.4600,3,55.371500,1,-0.277200,62.903090,13.826089,17.686094,-476.070099,0
10,2020-12-22,sh.605376,38.0000,39.5700,37.0100,37.4900,35.9700,36172572,1402345896.7600,3,55.309700,1,4.225700,65.561214,14.410344,18.433463,-496.187601,0
11,2020-12-23,sh.605376,34.5500,41.2400,34.5500,41.2400,37.4900,31476653,1187948360.8200,3,48.129400,1,10.002700,72.119084,15.851763,20.277301,-545.819596,0
12,2020-12-24,sh.605376,40.0000,43.8900,39.2700,41.3000,41.2400,28063911,1171718628.9000,3,42.911200,1,0.145500,72.224010,15.874825,20.306803,-546.613708,0
13,2020-12-25,sh.605376,43.6600,45.4300,42.2000,45.4300,41.3000,15878764,703566736.0500,3,24.279500,1,10.000000,79.446411,17.462308,22.337483,-601.275079,0
14,2020-12-28,sh.605376,47.6800,49.9700,43.2300,44.9800,45.4300,27012392,1269057850.9000,3,41.303400,1,-0.990500,78.659466,17.289338,22.116223,-595.319240,0
15,2020-12-29,sh.605376,44.5800,45.7800,40.5500,40.5500,44.9800,22139452,960278396.8000,3,33.852400,1,-9.848800,70.912436,15.586542,19.938035,-536.687309,0
16,2020-12-30,sh.605376,43.1000,44.6100,43.1000,44.6100,40.5500,8108818,358118251.6500,3,12.398800,1,10.012300,78.012423,17.147118,21.934297,-590.422216,0
17,2020-12-31,sh.605376,47.6000,48.7300,44.6800,47.0000,44.6100,20337249,952280548.0500,3,31.096700,1,5.357500,82.191972,18.065782,23.109437,-622.054341,0
18,2021-01-04,sh.605376,46.4300,49.7700,45.5000,49.7700,47.0000,20103342,950167763.7800,3,30.739100,1,5.893600,87.036052,19.130510,24.471418,-658.715842,0
19,2021-01-05,sh.605376,48.1800,48.5200,44.7900,45.5600,49.7700,20701673,958529069.7000,3,31.653900,1,-8.458900,79.673750,17.512277,22.401403,-602.995655,0
20,2021-01-06,sh.605376,44.5000,47.3200,44.5000,45.1200,45.5600,13687738,626074175.1700,3,20.929300,1,-0.965800,78.904293,17.343151,22.185059,-597.172167,0
21,2021-01-07,sh.605376,45.6700,46.3600,43.2000,44.8800,45.1200,13681815,612399671.7300,3,20.920200,1,-0.531900,78.484590,17.250900,22.067054,-593.995720,0
22,2021-01-08,sh.605376,44.5000,46.1300,43.2000,45.2400,44.8800,9500729,426383637.5100,3,14.527100,1,0.802100,79.114145,17.389276,22.244062,-598.760391,0
23,2021-01-11,sh.605376,48.0000,49.7600,46.1500,47.3000,45.2400,19344451,932672826.7600,3,29.578700,1,4.553500,82.716602,18.181095,23.256944,-626.024901,0
24,2021-01-12,sh.605376,45.0000,45.0000,42.5700,43.4000,47.3000,19649735,845907250.1800,3,30.045500,1,-8.245200,75.896417,16.682020,21.339352,-574.407626,0
25,2021-01-13,sh.605376,42.7700,42.7700,39.0600,40.7500,43.4000,16399011,662376378.9400,3,25.074900,1,-6.106000,71.262189,15.663417,20.036373,-539.334349,0
26,2021-01-14,sh.605376,40.1000,42.3700,38.2000,41.2500,40.7500,10866846,439508075.6800,3,16.616000,1,1.227000,72.136571,15.855606,20.282218,-545.951948,0
27,2021-01-15,sh.605376,40.2000,42.0700,39.6900,40.3600,41.2500,6706928,272026071.1700,3,10.255200,1,-2.157600,70.580170,15.513510,19.844614,-534.172621,0
28,2021-01-18,sh.605376,41.2500,42.5100,41.1600,41.5500,40.3600,8661877,362924029.4700,3,13.244500,1,2.948500,72.661201,15.970920,20.429725,-549.922508,0
29,2021-01-19,sh.605376,42.2300,42.4400,40.6600,41.0000,41.5500,6696196,277836213.5900,3,10.238800,1,-1.323700,71.699380,15.759512,20.159296,-542.643149,0
30,2021-01-20,sh.605376,39.9100,42.8800,38.3000,42.7000,41.0000,9206095,374388091.1300,3,14.076600,1,4.146300,74.672281,16.412955,20.995169,-565.142986,0
31,2021-01-21,sh.605376,43.3900,46.9700,42.9200,44.3300,42.7000,14524220,651251512.0300,3,22.208300,1,3.817300,77.522769,17.039492,21.796624,-586.716360,0
32,2021-01-22,sh.605376,44.8000,45.3800,43.0600,43.5600,44.3300,10545510,467319239.7000,3,16.124600,1,-1.737000,76.176219,16.743520,21.418023,-576.525257,0
33,2021-01-25,sh.605376,43.5000,44.0000,40.8000,43.2600,43.5600,7897074,339547764.4000,3,12.075000,1,-0.688700,75.651590,16.628207,21.270516,-572.554698,0
34,2021-01-26,sh.605376,44.0000,45.2000,41.8200,43.3000,43.2600,7356823,320119807.8900,3,11.249000,1,0.092500,75.721540,16.643582,21.290183,-573.084106,0
35,2021-01-27,sh.605376,43.0000,43.0000,40.0000,41.0000,43.3000,8043602,330196305.2400,3,12.299100,1,-5.311800,71.699380,15.759512,20.159296,-542.643149,0
36,2021-01-28,sh.605376,40.6800,45.1000,40.6800,45.1000,41.0000,17148719,759227897.2600,3,26.221300,1,10.000000,78.869318,17.335463,22.175225,-596.907463,0
37,2021-01-29,sh.605376,46.9000,47.3600,40.5900,42.9900,45.1000,22138479,920419421.7400,3,33.850900,1,-4.678500,75.179423,16.524425,21.137759,-568.981194,0
38,2021-02-01,sh.605376,45.8000,47.2900,44.9500,47.2900,42.9900,21683972,1013875900.5900,3,33.155900,1,10.002300,82.699114,18.177252,23.252027,-625.892549,0
39,2021-02-02,sh.605376,46.9400,52.0200,46.0000,52.0200,47.2900,17228558,844938556.0900,3,26.343400,1,10.002100,90.970774,19.995361,25.577721,-688.495039,0
40,2021-02-03,sh.605376,54.6000,56.7800,50.8000,52.5000,52.0200,19220617,1037619659.1200,3,29.389300,1,0.922700,91.810182,20.179863,25.813732,-694.847934,0
41,2021-02-04,sh.605376,53.1900,54.6300,51.5000,53.8200,52.5000,13948088,742316389.1400,3,21.327400,1,2.514300,94.118552,20.687242,26.462763,-712.318397,0
42,2021-02-05,sh.605376,53.0600,53.9700,51.1800,53.2600,53.8200,11684090,615123585.5600,3,17.865600,1,-1.040500,93.139243,20.471990,26.187417,-704.906685,0
43,2021-02-08,sh.605376,53.3500,54.5000,50.0800,53.8900,53.2600,9105373,480851002.3600,3,13.922600,1,1.182900,94.240966,20.714149,26.497182,-713.244860,0
44,2021-02-09,sh.605376,54.6600,55.4000,52.1200,53.1100,53.8900,9040474,482797614.7100,3,13.823400,1,-1.447400,92.876929,20.414334,26.113663,-702.921405,0
45,2021-02-10,sh.605376,53.0100,58.4200,53.0000,58.4200,53.1100,15510036,880652254.5500,3,23.715700,1,9.998100,102.162873,22.455383,28.724538,-773.200311,0
46,2021-02-18,sh.605376,58.7800,61.0000,57.1500,59.3000,58.4200,11730523,692934867.3800,3,17.936600,1,1.506300,103.701786,22.793635,29.157225,-784.847286,0
47,2021-02-19,sh.605376,59.2600,59.2600,53.3700,53.3700,59.3000,13399418,733246640.9100,3,20.488400,1,-10.000000,93.331608,20.514272,26.241503,-706.362557,0
48,2021-02-22,sh.605376,55.2800,58.0000,53.5000,55.3100,53.3700,12844196,717248942.0600,3,19.639400,1,3.635000,96.724212,21.259966,27.195382,-732.038843,0
49,2021-02-23,sh.605376,54.0000,55.5000,51.1300,53.8000,55.3100,9618531,514085377.8900,3,14.707200,1,-2.730100,94.083577,20.679555,26.452930,-712.053693,0
50,2021-02-24,sh.605376,53.9800,53.9800,48.4200,48.4200,53.8000,11941342,595074864.0200,3,18.258900,1,-10.000000,84.675219,18.611599,23.807637,-640.848323,0
51,2021-02-25,sh.605376,48.2000,49.1700,44.0000,48.9600,48.4200,12391612,581808659.3900,3,18.947400,1,1.115200,85.619552,18.819163,24.073149,-647.995331,0
52,2021-02-26,sh.605376,46.8900,49.7900,46.2900,47.7900,48.9600,6557677,317699192.6100,3,10.027000,1,-2.389700,83.573497,18.369441,23.497872,-632.510148,0
53,2021-03-01,sh.605376,47.5000,48.4000,46.0600,48.4000,47.7900,6328823,298852046.8300,3,9.677100,1,1.276400,84.640244,18.603912,23.797803,-640.583619,0
54,2021-03-02,sh.605376,47.8000,49.9400,47.1600,49.6800,48.4000,7049214,343406391.1900,3,10.778600,1,2.644600,86.878663,19.095916,24.427166,-657.524674,0
55,2021-03-03,sh.605376,48.9900,50.3600,48.6800,49.7900,49.6800,4724005,234449754.0000,3,7.223200,1,0.221400,87.071028,19.138197,24.481252,-658.980546,0
56,2021-03-04,sh.605376,51.0000,54.5000,51.0000,51.5200,49.7900,8691927,459411292.8000,3,13.290400,1,3.474600,90.096392,19.803172,25.331876,-681.877439,0
57,2021-03-05,sh.605376,51.7500,56.6700,49.0000,56.6700,51.5200,10260942,553613862.8700,3,15.689500,1,9.996100,99.102533,21.782720,27.864080,-750.038713,0
58,2021-03-08,sh.605376,57.3000,57.5000,51.7000,53.1400,56.6700,8707401,475276105.0000,3,13.314100,1,-6.229000,92.929392,20.425865,26.128414,-703.318461,0
59,2021-03-09,sh.605376,53.0100,53.6400,47.8300,48.8000,53.1400,7030251,353152632.6400,3,10.749600,1,-8.167100,85.339750,18.757663,23.994479,-645.877699,0
60,2021-03-10,sh.605376,49.6000,51.5000,48.6800,49.2700,48.8000,5002496,249795196.6400,3,7.649100,1,0.963100,86.161670,18.938321,24.225573,-652.098242,0
61,2021-03-11,sh.605376,48.9000,50.3300,47.0800,49.9400,49.2700,5033162,246296180.7500,3,7.696000,1,1.359900,87.333342,19.195854,24.555006,-660.965825,0
62,2021-03-12,sh.605376,50.6700,51.0000,48.3800,50.2100,49.9400,4147682,205584419.7800,3,6.342000,1,0.540600,87.805509,19.299636,24.687762,-664.539329,0
63,2021-03-15,sh.605376,50.1700,50.4500,48.9900,49.5000,50.2100,2791962,138577423.4400,3,4.269100,1,-1.414100,86.563886,19.026728,24.338662,-655.142338,0
64,2021-03-16,sh.605376,49.4000,49.5000,46.2000,47.7800,49.5000,4065070,194137170.9000,3,6.215700,1,-3.474700,83.556009,18.365597,23.492955,-632.377796,0
65,2021-03-17,sh.605376,47.9000,49.5000,46.7200,48.0200,47.7800,3835917,184392179.0600,3,5.865300,1,0.502300,83.975713,18.457848,23.610961,-635.554244,0
66,2021-03-18,sh.605376,49.5000,51.2000,47.8600,49.7400,48.0200,7027710,346227588.5200,3,10.745700,1,3.581800,86.983589,19.118979,24.456668,-658.318786,0
67,2021-03-19,sh.605376,49.5000,50.4500,48.5600,50.3600,49.7400,4285046,212727836.6600,3,6.552100,1,1.246500,88.067824,19.357293,24.761516,-666.524609,0
68,2021-03-22,sh.605376,49.9000,53.5000,49.3300,52.4900,50.3600,5537421,285798556.8200,3,8.467000,1,4.229500,91.792694,20.176019,25.808816,-694.715582,0
69,2021-03-23,sh.605376,52.5000,52.5000,49.5000,49.9600,52.4900,4298721,219390758.6300,3,6.573000,1,-4.820000,87.368318,19.203542,24.564839,-661.230529,0
70,2021-03-24,sh.605376,49.3100,49.6000,47.4200,48.5000,49.9600,3618591,175440104.6100,3,5.533000,1,-2.922300,84.815120,18.642349,23.846972,-641.907139,0
71,2021-03-25,sh.605376,47.9900,48.7000,46.5100,46.8000,48.5000,3808300,180717543.8000,3,5.823100,1,-3.505200,81.842219,17.988906,23.011099,-619.407301,0
72,2021-03-26,sh.605376,46.8000,51.4800,44.8000,50.7000,46.8000,9124546,436954284.3800,3,13.951900,1,8.333300,88.662404,19.487982,24.928690,-671.024576,0
73,2021-03-29,sh.605376,49.2100,50.9200,49.1500,49.3100,50.7000,3545596,176926245.3100,3,5.421400,1,-2.741600,86.231620,18.953696,24.245241,-652.627650,0
74,2021-03-30,sh.605376,49.5200,49.8200,48.4800,48.5000,49.3100,2291384,112482045.7000,3,3.503600,1,-1.642700,84.815120,18.642349,23.846972,-641.907139,0
75,2021-03-31,sh.605376,48.5100,49.2600,47.5500,49.0900,48.5000,2496058,120910818.1200,3,3.816600,1,1.216500,85.846892,18.869133,24.137069,-649.715906,0
76,2021-04-01,sh.605376,48.9900,53.0000,48.5400,51.2900,49.0900,5170007,260930949.9000,3,7.905200,1,4.481600,89.694176,19.714765,25.218787,-678.833344,0
77,2021-04-02,sh.605376,51.6100,53.5000,50.9300,52.7200,51.2900,4159213,218307233.1700,3,6.359700,1,2.788100,92.194910,20.264426,25.921904,-697.759678,0
78,2021-04-06,sh.605376,51.9700,52.9500,50.7700,51.7800,52.7200,3109188,161000935.4800,3,4.754100,1,-1.783000,90.551071,19.903110,25.459716,-685.318591,0
79,2021-04-07,sh.605376,51.9800,53.4900,51.4300,52.9800,51.7800,3857086,202643043.3100,3,5.897700,1,2.317500,92.649589,20.364364,26.049744,-701.200830,0
80,2021-04-08,sh.605376,53.0000,54.2000,52.2000,52.5000,52.9800,2936416,155698211.3200,3,4.489900,1,-0.906000,91.810182,20.179863,25.813732,-694.847934,0
81,2021-04-09,sh.605376,52.2200,53.4800,51.0100,51.2100,52.5000,2788779,144776427.8700,3,4.264200,1,-2.457100,89.554274,19.684015,25.179452,-677.774528,0
82,2021-04-12,sh.605376,50.7600,51.7300,46.0900,46.0900,51.2100,7012226,336297948.3300,3,10.722100,1,-9.998000,80.600596,17.715998,22.661999,-610.010310,0
83,2021-04-13,sh.605376,46.3500,49.5600,45.9500,47.4500,46.0900,6698385,318827126.9200,3,10.242200,1,2.950700,82.978917,18.238752,23.330697,-628.010181,0
84,2021-04-14,sh.605376,47.4500,49.7000,46.6400,48.5600,47.4500,5172043,249879656.8400,3,7.908300,1,2.339300,84.920046,18.665412,23.876473,-642.701251,0
85,2021-04-15,sh.605376,48.0600,49.0000,47.8600,48.6000,48.5600,2126280,103009197.6000,3,3.251200,1,0.082400,84.989997,18.680787,23.896141,-643.230659,0
86,2021-04-16,sh.605376,48.6000,48.7700,47.6000,48.6100,48.6000,2133900,103178463.0000,3,3.262800,1,0.020600,85.007484,18.684631,23.901058,-643.363011,0
87,2021-04-19,sh.605376,48.5000,49.3000,47.6000,48.9000,48.6100,4590100,222495568.5500,3,7.018500,1,0.596600,85.514626,18.796101,24.043648,-647.201219,0
88,2021-04-20,sh.605376,48.9000,50.5000,48.6800,49.0500,48.9000,3404179,167335696.7100,3,5.205200,1,0.306700,85.776941,18.853757,24.117401,-649.186499,0
89,2021-04-21,sh.605376,48.5100,51.8800,47.6500,50.4300,49.0500,6331507,317388482.0100,3,9.681200,1,2.813500,88.190237,19.384200,24.795934,-667.451073,0
90,2021-04-22,sh.605376,50.4300,52.9800,50.0400,52.3800,50.4300,5008021,259739339.0100,3,7.657500,1,3.866700,91.600330,20.133737,25.754730,-693.259710,0
91,2021-04-23,sh.605376,52.1700,53.8800,51.8600,53.1600,52.3800,4160531,220500553.5300,3,6.361700,1,1.489100,92.964367,20.433552,26.138248,-703.583165,0
92,2021-04-26,sh.605376,53.1900,53.6700,52.0100,53.2900,53.1600,3248104,172221210.9200,3,4.966500,1,0.244500,93.191706,20.483522,26.202168,-705.303741,0
93,2021-04-27,sh.605376,53.8800,53.9800,50.4900,51.5200,53.2900,4830207,249692795.7900,3,7.385600,1,-3.321400,73.800913,9.131644,20.330727,26.367280,0
94,2021-04-28,sh.605376,51.8700,56.0000,51.1100,54.4000,51.5200,5372195,289805211.4200,3,8.214400,1,5.590100,77.926430,9.642109,21.467227,27.841227,0
95,2021-04-29,sh.605376,54.3800,54.5900,52.6800,52.7500,54.4000,2702440,144469263.1000,3,4.132200,1,-3.033100,75.562852,9.349655,20.816107,26.996778,0
96,2021-04-30,sh.605376,52.7500,54.4600,51.7600,53.9700,52.7500,3805427,200903095.5800,3,5.818700,1,2.312800,77.310467,9.565894,21.297541,27.621159,0
97,2021-05-06,sh.605376,54.0000,54.8900,50.6700,52.8700,53.9700,4323800,227367657.3300,3,6.611300,1,-2.038200,75.734749,9.370925,20.863461,27.058193,0
98,2021-05-07,sh.605376,53.9000,54.5000,51.4600,53.1000,52.8700,4752749,249891889.6900,3,7.267200,1,0.435000,76.064217,9.411691,20.954223,27.175904,0
99,2021-05-10,sh.605376,52.3000,56.6900,52.1200,56.2400,53.1000,6082688,336073252.6600,3,9.300700,1,5.913400,80.562177,9.968239,22.193324,28.782916,0
100,2021-05-11,sh.605376,56.0000,58.5700,55.2000,56.2400,56.2400,5227716,297274091.6200,3,7.993400,1,0.000000,80.562177,9.968239,22.193324,28.782916,0
101,2021-05-12,sh.605376,57.0000,59.3800,55.5000,58.7800,56.2400,4273146,244356000.0800,3,6.533900,1,4.516400,84.200653,10.418441,23.195654,30.082856,0
102,2021-05-13,sh.605376,59.3000,61.5500,58.1000,59.4000,58.7800,4711886,282142769.3500,3,7.204700,1,1.054800,85.088785,10.528332,23.440318,30.400164,0
103,2021-05-14,sh.605376,60.0100,61.5000,58.7000,60.4800,59.4000,3158987,189623696.5000,3,4.830300,1,1.818200,86.635854,10.719757,23.866505,30.952894,0
104,2021-05-17,sh.605376,61.0000,61.1000,58.8000,59.5900,60.4800,3290056,196040302.7200,3,5.030700,1,-1.471600,85.360955,10.562009,23.515295,30.497403,0
105,2021-05-18,sh.605376,59.7500,60.9000,58.4800,60.5500,59.5900,2828604,169448681.2000,3,4.325100,1,1.611000,86.736127,10.732164,23.894129,30.988719,0
106,2021-05-19,sh.605376,60.5800,62.5900,59.6100,60.8500,60.5500,2881649,175468061.6400,3,4.406200,1,0.495500,87.165869,10.785337,24.012514,31.142255,0
107,2021-05-20,sh.605376,60.4100,60.4100,58.4000,58.4000,60.8500,3242385,191995332.3600,3,4.957800,1,-4.026300,83.656314,10.351088,23.045700,29.888376,0
108,2021-05-21,sh.605376,58.7600,59.2800,56.9900,57.8500,58.4000,2602322,151088725.8500,3,3.979100,1,-0.941800,82.868455,10.253603,22.828660,29.606893,0
109,2021-05-24,sh.605376,58.0800,58.9600,57.3100,58.2000,57.8500,2114115,122672032.7400,3,3.232600,1,0.605000,83.369820,10.315639,22.966776,29.786019,0
110,2021-05-25,sh.605376,58.9800,60.7000,58.0500,58.2700,58.2000,4074950,241407811.1900,3,6.230800,1,0.120300,83.470093,10.328046,22.994399,29.821844,0
111,2021-05-26,sh.605376,57.6100,59.9900,57.5500,58.2900,58.2700,3827247,224832669.6600,3,5.852100,1,0.034300,83.498742,10.331591,23.002292,29.832080,0
112,2021-05-27,sh.605376,58.1400,60.5000,57.7000,60.0000,58.2900,2793425,165798263.5100,3,4.271300,1,2.933600,85.948268,10.634679,23.677089,30.707236,0
113,2021-05-28,sh.605376,60.0200,64.6600,59.6900,63.5500,60.0000,4413523,277101271.0000,3,6.748500,1,5.916700,91.033541,11.263898,25.077983,32.524081,0
114,2021-05-31,sh.605376,63.8000,65.9500,63.6900,65.9500,63.5500,3328408,216573740.3500,3,5.089300,1,3.776600,94.471471,11.689285,26.025067,33.752370,0
115,2021-06-01,sh.605376,65.2300,67.1800,65.0300,65.6100,65.9500,2936758,193572158.9800,3,4.490500,1,-0.515500,93.984431,11.629022,25.890896,33.578363,0
116,2021-06-02,sh.605376,65.4300,66.4800,63.0000,64.6000,65.6100,2041546,132199698.2300,3,3.121600,1,-1.539400,92.537635,11.450005,25.492332,33.061458,0
117,2021-06-03,sh.605376,64.4100,66.5500,64.1000,64.6000,64.6000,2011481,131594502.8000,3,3.075700,1,0.000000,92.537635,11.450005,25.492332,33.061458,0
118,2021-06-04,sh.605376,64.3000,67.2100,63.7600,66.7000,64.6000,2631350,174050643.9400,3,4.023500,1,3.250800,95.545825,11.822218,26.321030,34.136211,0
119,2021-06-07,sh.605376,67.0300,69.4100,66.3900,68.8000,66.7000,2368214,160235914.6200,3,3.621100,1,3.148400,98.554014,12.194432,27.149728,35.210964,0
120,2021-06-08,sh.605376,68.8000,70.1700,67.2600,69.1500,68.8000,2509788,172875412.8400,3,3.837600,1,0.508700,99.055379,12.256468,27.287845,35.390090,0
121,2021-06-09,sh.605376,69.1600,73.4700,68.6000,73.2700,69.1500,2919534,209168358.6900,3,4.464100,1,5.958100,104.957160,12.986716,28.913671,37.498653,0
122,2021-06-10,sh.605376,72.1900,76.5100,65.9400,66.4900,73.2700,7533421,525073097.6200,3,11.519000,1,-9.253400,95.245006,11.784997,26.238160,34.028735,0
123,2021-06-11,sh.605376,67.9400,73.1400,66.9000,73.1400,66.4900,5705397,397763363.9300,3,8.723800,1,10.001500,104.770939,12.963674,28.862371,37.432121,0
124,2021-06-15,sh.605376,73.1600,74.9500,68.3800,69.8900,73.1400,4058035,286394702.0200,3,6.204900,1,-4.443500,100.115408,12.387629,27.579862,35.768812,0
125,2021-06-16,sh.605376,70.1100,70.3000,65.0000,65.9700,69.8900,3247627,216803526.0600,3,4.965800,1,-5.608800,94.500121,11.692830,26.032959,33.762606,0
126,2021-06-17,sh.605376,65.7200,68.5500,65.1000,67.9900,65.9700,2320526,155305048.4800,3,3.548200,1,3.062000,97.393712,12.050864,26.830088,34.796416,0
127,2021-06-18,sh.605376,67.5000,69.0000,66.0000,68.3000,67.7100,2080850,139949392.0300,3,3.181700,1,0.871400,97.837778,12.105810,26.952419,34.955070,0
128,2021-06-21,sh.605376,67.0000,68.2900,65.7900,67.9500,68.3000,2297140,154159307.7100,3,3.512400,1,-0.512400,97.336414,12.043774,26.814303,34.775945,0
129,2021-06-22,sh.605376,67.9500,72.4600,67.5000,68.8000,67.9500,3951700,277855984.6000,3,6.042400,1,1.250900,98.554014,12.194432,27.149728,35.210964,0
130,2021-06-23,sh.605376,68.8000,71.5000,67.4100,69.4200,68.8000,3174409,222454434.5000,3,4.853800,1,0.901200,99.442146,12.304324,27.394391,35.528272,0
131,2021-06-24,sh.605376,71.3500,72.6900,67.4400,68.2000,69.4200,2935523,204747930.8400,3,4.488600,1,-1.757400,97.694531,12.088085,26.912957,34.903892,0
132,2021-06-25,sh.605376,67.1700,68.2900,65.5000,67.6400,68.2000,2138475,143359160.5000,3,3.269800,1,-0.821100,96.892348,11.988828,26.691971,34.617291,0
133,2021-06-28,sh.605376,67.2900,69.7800,66.4400,69.4000,67.6400,2250060,153859553.1500,3,3.440500,1,2.602000,99.413497,12.300779,27.386499,35.518036,0
134,2021-06-29,sh.605376,69.1100,70.8000,68.9000,70.1000,69.4000,1949144,136577680.9800,3,2.980300,1,1.008600,100.416226,12.424850,27.662732,35.876287,0
135,2021-06-30,sh.605376,70.0700,73.8800,68.8800,73.8800,70.1000,3444638,249239272.5400,3,5.267000,1,5.392300,105.830967,13.094835,29.154388,37.810843,0
136,2021-07-01,sh.605376,74.5000,77.3000,72.5500,77.0000,73.8800,4171269,316471887.9900,3,6.378100,1,4.223100,110.300277,13.647838,30.385597,39.407620,0
137,2021-07-02,sh.605376,76.9900,78.6900,74.2300,76.4000,77.0000,3181781,245144164.9900,3,4.865100,1,-0.779200,109.440795,13.541491,30.148826,39.100547,0
138,2021-07-05,sh.605376,77.6200,82.4800,75.5800,81.5000,76.4000,2842206,226475248.2300,3,4.345900,1,6.675400,116.746397,14.445439,32.161379,41.710662,0
139,2021-07-06,sh.605376,81.5000,82.9300,77.5100,79.9200,81.5000,3505134,279224108.2600,3,5.359500,1,-1.938700,114.483093,14.165393,31.537882,40.902038,0
140,2021-07-07,sh.605376,79.4000,81.4500,77.8000,80.4600,79.9200,2184100,174546914.0000,3,3.339600,1,0.675700,115.256627,14.261105,31.750976,41.178404,0
141,2021-07-08,sh.605376,80.7400,84.6000,80.6500,82.2500,80.4600,2696720,223449539.6200,3,4.123400,1,2.224700,117.820751,14.578373,32.457342,42.094503,0
142,2021-07-09,sh.605376,82.0000,85.7900,81.9800,84.9500,82.2500,2247504,189378775.8000,3,3.436600,1,3.282700,121.688423,15.056933,33.522811,43.476328,0
143,2021-07-12,sh.605376,85.4800,88.4400,83.3800,86.1400,84.9500,2960800,254895726.8000,3,4.527200,1,1.400800,123.393063,15.267854,33.992407,44.085355,0
144,2021-07-13,sh.605376,86.2000,86.7900,84.1800,86.4200,86.1400,1933650,165370429.0000,3,2.956700,1,0.325100,123.794155,15.317483,34.102900,44.228656,0
145,2021-07-14,sh.605376,86.5100,86.9000,83.1100,83.8600,86.4200,2044290,172820405.4000,3,3.125800,1,-2.962300,120.127029,14.863737,33.092677,42.918480,0
146,2021-07-15,sh.605376,83.7000,84.9800,81.5100,84.2300,83.8600,1869089,156529411.4300,3,2.857900,1,0.441200,120.657044,14.929317,33.238686,43.107842,0
147,2021-07-16,sh.605376,84.6200,86.5000,83.5200,86.3000,84.2300,1744110,149533997.5000,3,2.666800,1,2.457600,123.622259,15.296213,34.055546,44.167241,0
148,2021-07-19,sh.605376,86.0000,87.5800,82.8500,83.8300,86.3000,1682970,142488547.5000,3,2.573300,1,-2.862100,120.084055,14.858419,33.080839,42.903127,0
149,2021-07-20,sh.605376,82.7200,84.2100,81.7100,83.9000,83.8300,1051302,87773747.7600,3,1.607500,1,0.083500,120.184328,14.870826,33.108462,42.938952,0
150,2021-07-21,sh.605376,84.6600,90.5000,84.1700,89.0000,83.9000,2673989,236142488.8500,3,4.088700,1,6.078700,127.489931,15.774774,35.121015,45.549067,0
151,2021-07-22,sh.605376,92.5500,92.5500,86.5800,89.4500,89.0000,1672260,148661460.6600,3,2.557000,1,0.505600,128.134543,15.854534,35.298593,45.779371,0
152,2021-07-23,sh.605376,89.4600,92.0000,88.1400,90.0300,89.4500,1421194,127756079.3600,3,2.173100,1,0.648400,128.965376,15.957336,35.527471,46.076208,0
153,2021-07-26,sh.605376,88.9800,91.1000,86.8900,90.0400,90.0300,1460200,130364695.0000,3,2.232700,1,0.011100,128.979701,15.959108,35.531418,46.081326,0
154,2021-07-27,sh.605376,90.2600,92.9600,87.7700,87.8200,90.0400,1840440,165977330.2000,3,2.814100,1,-2.465600,125.799615,15.565625,34.655365,44.945158,0
155,2021-07-28,sh.605376,86.5000,86.5900,79.5000,82.6500,87.8200,2310700,193510681.0000,3,3.533200,1,-5.887000,118.393739,14.649271,32.615190,42.299218,0
156,2021-07-29,sh.605376,84.0200,86.7900,84.0000,85.7800,82.6500,1659700,141712823.6000,3,2.537800,1,3.787100,122.877374,15.204046,33.850344,43.901112,0
157,2021-07-30,sh.605376,86.0000,86.8900,80.7800,82.8500,85.7800,2646460,220781488.7900,3,4.046600,1,-3.415700,118.680233,14.684719,32.694113,42.401575,0
158,2021-08-02,sh.605376,82.5500,89.5000,81.5000,87.0000,82.8500,2405921,205325178.0200,3,3.678800,1,5.009100,124.624989,15.420285,34.331778,44.525492,0
159,2021-08-03,sh.605376,87.2800,87.2800,84.1000,85.0000,87.0000,1249700,107002406.0000,3,1.910900,1,-2.298900,121.760046,15.065795,33.542542,43.501918,0
160,2021-08-04,sh.605376,84.8000,86.4100,83.2500,84.2300,85.0000,2242257,190119198.8000,3,3.428500,1,-0.905900,120.657044,14.929317,33.238686,43.107842,0
161,2021-08-05,sh.605376,84.5100,89.0000,83.4000,88.7800,84.2300,3047553,266360238.3800,3,4.659900,1,5.401900,127.174787,15.735780,35.034199,45.436474,0
162,2021-08-06,sh.605376,88.7300,91.2700,87.6000,88.8300,88.7800,1948802,173039360.2200,3,2.979800,1,0.056300,127.246411,15.744642,35.053930,45.462063,0
163,2021-08-09,sh.605376,88.3000,88.8800,85.9900,87.6800,88.8300,1386980,121492843.0000,3,2.120800,1,-1.294600,125.599069,15.540811,34.600119,44.873508,0
164,2021-08-10,sh.605376,87.5400,87.9700,84.6200,85.9200,87.6800,1746513,149899983.0000,3,2.670500,1,-2.007300,123.077920,15.228861,33.905591,43.972762,0
165,2021-08-11,sh.605376,86.2400,86.2600,81.0000,85.8300,85.9200,1346440,113774337.0000,3,2.058800,1,-0.104700,122.948997,15.212908,33.870075,43.926701,0
166,2021-08-12,sh.605376,85.8600,86.2100,83.6600,85.9300,85.8300,1218674,103682477.6000,3,1.863400,1,0.116500,123.092245,15.230633,33.909537,43.977880,0
167,2021-08-13,sh.605376,85.3800,89.8000,84.7000,86.5900,85.9300,1536262,134633581.8800,3,2.349000,1,0.768100,124.037676,15.347614,34.169985,44.315660,0
168,2021-08-16,sh.605376,86.3300,86.3800,81.4400,81.5500,86.5900,2211462,184124916.2500,3,3.381400,1,-5.820500,116.818021,14.454301,32.181110,41.736252,0
169,2021-08-17,sh.605376,81.5500,85.8800,79.5000,82.9900,81.5500,2384603,197118055.1700,3,3.646200,1,1.765800,118.880779,14.709534,32.749360,42.473225,0
170,2021-08-18,sh.605376,82.9300,83.5800,78.0000,78.4000,82.9900,2783171,223948448.1900,3,4.255600,1,-5.530800,102.831998,14.031740,25.710445,67.285184,0
171,2021-08-19,sh.605376,78.4800,80.9600,75.9900,79.2300,78.4000,2932002,230264884.2600,3,4.483200,1,1.058700,103.920653,14.180290,25.982634,67.997514,0
172,2021-08-20,sh.605376,79.0000,82.0000,77.2100,79.9000,79.2300,1723320,137426938.4500,3,2.635000,1,0.845600,104.799447,14.300204,26.202354,68.572528,0
173,2021-08-23,sh.605376,80.2000,87.5500,79.5000,86.9000,79.9000,3536923,301693702.1700,3,5.408100,1,8.761000,113.980876,15.553038,28.497929,74.580134,0
174,2021-08-24,sh.605376,88.9200,89.9700,85.2900,86.0100,86.9000,1895700,163949643.9500,3,2.898600,1,-1.024200,112.813523,15.393749,28.206063,73.816310,0
175,2021-08-25,sh.605376,86.1000,88.8500,84.7000,88.7300,86.0100,2328900,202189792.0000,3,3.561000,1,3.162400,116.381163,15.880565,29.098058,76.150694,0
176,2021-08-26,sh.605376,89.6800,95.0000,89.4500,93.5000,88.7300,3272524,305074695.0800,3,5.003900,1,5.375900,122.637651,16.734282,30.662329,80.244448,0
177,2021-08-27,sh.605376,94.0200,95.9900,92.5000,93.2500,93.5000,1873950,175847263.9000,3,2.865400,1,-0.267400,122.309743,16.689538,30.580344,80.029890,0
178,2021-08-30,sh.605376,94.9900,98.1700,92.0500,94.7600,93.2500,2626058,249389949.1600,3,4.015400,1,1.619300,124.290308,16.959792,31.075533,81.325817,0
179,2021-08-31,sh.605376,95.4200,97.8000,93.8100,94.3000,94.7600,1638400,155600982.0000,3,2.505200,1,-0.485400,123.686957,16.877463,30.924680,80.931031,0
180,2021-09-01,sh.605376,96.0000,96.0000,86.9800,92.1700,94.3000,2200999,202010494.4700,3,3.365400,1,-2.258700,120.893180,16.496243,30.226170,79.103003,0
181,2021-09-02,sh.605376,91.0000,93.9800,89.7800,92.1200,92.1700,1417206,130698955.8000,3,2.167000,1,-0.054200,120.827598,16.487294,30.209773,79.060091,0
182,2021-09-03,sh.605376,93.0000,94.8900,91.0600,93.3300,92.1200,1476500,137650283.0000,3,2.257600,1,1.313500,122.414673,16.703856,30.606579,80.098549,0
183,2021-09-06,sh.605376,93.2100,95.3800,91.5800,94.3800,93.3300,1102146,103510035.6600,3,1.685200,1,1.125000,123.791888,16.891781,30.950916,80.999690,0
184,2021-09-07,sh.605376,94.3200,95.3800,93.0600,94.2000,94.3800,838500,78847749.0000,3,1.282100,1,-0.190700,123.555794,16.859565,30.891887,80.845208,0
185,2021-09-08,sh.605376,95.0000,95.0000,91.0200,91.8000,94.2000,1094700,100731155.0000,3,1.673900,1,-2.547800,120.407876,16.430022,30.104832,78.785458,0
186,2021-09-09,sh.605376,91.0800,93.2600,88.7500,91.6200,91.8000,1474500,133562947.0000,3,2.254600,1,-0.196100,120.171782,16.397806,30.045803,78.630976,0
187,2021-09-10,sh.605376,91.6200,93.1000,89.9100,92.8000,91.6200,1174341,107659583.8500,3,1.795600,1,1.287900,121.719508,16.608998,30.432771,79.643687,0
188,2021-09-13,sh.605376,91.8800,92.4000,88.0000,88.9000,92.8000,1931600,173051814.0000,3,2.953500,1,-4.202600,116.604141,15.910991,29.153808,76.296593,0
189,2021-09-14,sh.605376,89.9800,90.1900,87.0000,88.6500,88.9000,1513900,134233372.1800,3,2.314800,1,-0.281200,116.276233,15.866247,29.071823,76.082035,0
190,2021-09-15,sh.605376,88.5000,92.8800,85.9800,87.1900,88.6500,3107550,276443975.4200,3,4.751600,1,-1.646900,114.361249,15.604941,28.593032,74.829020,0
191,2021-09-16,sh.605376,87.5200,89.8900,85.0000,85.0100,87.1900,1924262,167457136.1800,3,2.942300,1,-2.500300,111.501890,15.214773,27.878124,72.958080,0
192,2021-09-17,sh.605376,85.0600,87.0000,82.0000,85.1000,85.0100,2430900,204653435.4400,3,3.717000,1,0.105900,111.619937,15.230881,27.907638,73.035321,0
193,2021-09-22,sh.605376,83.0600,84.3700,78.8800,79.7000,85.1000,3521894,283168928.6200,3,5.385200,1,-6.345500,104.537121,14.264409,26.136766,68.400882,0
194,2021-09-23,sh.605376,80.8000,80.9000,76.9000,77.0900,79.7000,3376783,264326810.2100,3,5.163300,1,-3.274800,101.113760,13.797281,25.280844,66.160903,0
195,2021-09-24,sh.605376,77.0300,78.2500,73.9800,74.5000,77.0900,3631218,274957737.0400,3,5.552300,1,-3.359700,97.716631,13.333733,24.431481,63.938089,0
196,2021-09-27,sh.605376,74.5000,76.6500,72.5000,75.3000,74.5000,2791406,207539323.2700,3,4.268200,1,1.073800,98.765937,13.476914,24.693833,64.624673,0
197,2021-09-28,sh.605376,75.3000,75.3000,70.3000,72.0200,75.3000,2455022,176445092.8200,3,3.753900,1,-4.355900,94.463782,12.889871,23.618192,61.809680,0
198,2021-09-29,sh.605376,71.9600,75.3300,70.7100,73.3700,72.0200,3336554,243815207.8800,3,5.101800,1,1.874500,96.234486,13.131489,24.060910,62.968290,0
199,2021-09-30,sh.605376,73.3700,75.7500,72.8000,74.6400,73.3700,2085400,155077600.0000,3,3.188700,1,1.731000,97.900260,13.358789,24.477393,64.058241,0
200,2021-10-08,sh.605376,75.0000,75.3000,71.5000,73.0000,74.6400,1640300,119702959.3600,3,2.508100,1,-2.197200,95.749182,13.065268,23.939572,62.650745,0
201,2021-10-11,sh.605376,73.0400,73.0400,68.3200,69.7900,73.0000,3684640,257001840.2000,3,5.634000,1,-4.397300,91.538841,12.490754,22.886887,59.895829,0
202,2021-10-12,sh.605376,70.0000,70.3700,67.6700,70.0000,69.7900,1977250,136274952.2700,3,3.023300,1,0.300900,91.814284,12.528339,22.955754,60.076057,0
203,2021-10-13,sh.605376,70.0000,73.5000,68.8400,72.7900,70.0000,2192200,156657485.1400,3,3.352000,1,3.985700,95.473739,13.027683,23.870705,62.470517,0
204,2021-10-14,sh.605376,72.7300,73.5200,71.1100,71.7700,72.7900,1684822,121377494.9400,3,2.576200,1,-1.401300,94.135874,12.845127,23.536207,61.595123,0
205,2021-10-15,sh.605376,71.3800,73.5600,70.6000,71.6900,71.7700,1994814,143336346.9600,3,3.050200,1,-0.111500,94.030943,12.830809,23.509972,61.526465,0
206,2021-10-18,sh.605376,71.6900,72.7400,70.0000,71.5600,71.6900,1849600,132121788.0000,3,2.828100,1,-0.181300,93.860431,12.807542,23.467340,61.414895,0
207,2021-10-19,sh.605376,72.0000,73.4900,71.2000,71.7000,71.5600,1898100,136810469.0000,3,2.902300,1,0.195600,94.044060,12.832599,23.513251,61.535047,0
208,2021-10-20,sh.605376,71.7500,72.1300,69.5000,69.5000,71.7000,2055600,144973595.0000,3,3.143100,1,-3.068300,91.158468,12.438851,22.791785,59.646942,0
209,2021-10-21,sh.605376,69.9900,72.8700,69.0000,69.5500,69.5000,2632100,186639723.0000,3,4.024600,1,0.071900,91.224050,12.447800,22.808182,59.689854,0
210,2021-10-22,sh.605376,69.5800,69.9600,66.0000,67.0500,69.5500,2789900,188593581.0000,3,4.265900,1,-3.594500,87.944968,12.000359,21.988333,57.544280,0
211,2021-10-25,sh.605376,67.5000,68.8800,65.0500,66.7000,67.0500,2283800,152596746.0000,3,3.492000,1,-0.522000,87.485897,11.937718,21.873554,57.243900,0
212,2021-10-26,sh.605376,67.3900,73.3700,66.0600,70.6300,66.7000,4989700,352259638.0000,3,7.629500,1,5.892100,92.640613,12.641094,23.162356,60.616742,0
213,2021-10-27,sh.605376,70.7100,76.5100,70.6300,74.4000,70.6300,6476509,477898047.3300,3,9.902900,1,5.337700,88.223783,12.743412,21.772086,75.898311,0
214,2021-10-28,sh.605376,73.0000,74.3000,70.5000,72.0000,74.4000,3213700,230059719.0000,3,4.913900,1,-3.225800,85.377854,12.332334,21.069761,73.449978,0
215,2021-10-29,sh.605376,70.0100,72.1900,68.0000,70.0100,72.0000,2800400,195797489.0000,3,4.282000,1,-2.763900,83.018105,11.991482,20.487416,71.419903,0
216,2021-11-01,sh.605376,69.0000,70.9600,68.0000,69.4300,70.0100,1851848,128673467.0100,3,2.831600,1,-0.828500,82.330339,11.892138,20.317687,70.828222,0
217,2021-11-02,sh.605376,69.5000,71.4000,66.0800,67.7000,69.4300,1933014,132758237.4600,3,2.955700,1,-2.491700,80.278899,11.595820,19.811428,69.063382,0
218,2021-11-03,sh.605376,66.7000,68.5300,64.3000,64.9900,67.7000,2689222,177252676.2400,3,4.112000,1,-4.003000,77.065371,11.131644,19.018385,66.298807,0
219,2021-11-04,sh.605376,63.8000,67.2800,62.5000,66.6000,64.9900,3928410,255515877.1000,3,6.006700,1,2.477300,78.974515,11.407409,19.489529,67.941230,0
220,2021-11-05,sh.605376,66.9800,71.3500,65.0300,69.5200,66.6000,3147764,217534009.1000,3,4.813100,1,4.384400,82.437061,11.907554,20.344024,70.920035,0
221,2021-11-08,sh.605376,70.5400,76.4700,70.5400,76.4700,69.5200,3711909,278727262.7000,3,5.675700,1,9.997100,90.678396,13.097967,22.377842,78.009998,0
222,2021-11-09,sh.605376,77.6200,80.9700,75.4000,80.8000,76.4700,4800249,376087337.4600,3,7.339800,1,5.662400,95.812925,13.839619,23.644954,82.427198,0
223,2021-11-10,sh.605376,80.0600,82.6700,78.8200,79.8900,80.8000,3342800,268313593.0000,3,5.111300,1,-1.126200,94.733844,13.683752,23.378655,81.498872,0
224,2021-11-11,sh.605376,79.8900,79.8900,77.0000,77.1900,79.8900,2022409,157565907.3600,3,3.092400,1,-3.379600,91.532175,13.221290,22.588539,78.744498,0
225,2021-11-12,sh.605376,76.5300,76.7600,74.6100,74.9300,77.1900,2220209,167327793.2800,3,3.394800,1,-2.927800,88.852259,12.834192,21.927183,76.438984,0
226,2021-11-15,sh.605376,74.9300,75.8700,72.3200,73.4800,74.9300,2425715,179141193.3000,3,3.709000,1,-1.935100,87.132843,12.585832,21.502861,74.959783,0
227,2021-11-16,sh.605376,73.2600,73.6200,71.1700,71.5700,73.4800,2017835,145773592.2500,3,3.085400,1,-2.599300,84.867959,12.258683,20.943927,73.011319,0
228,2021-11-17,sh.605376,71.1700,74.3600,71.0800,72.3200,71.5700,1757712,128657606.4800,3,2.687600,1,1.047900,85.757311,12.387145,21.163404,73.776423,0
229,2021-11-18,sh.605376,72.1700,76.5500,71.3000,76.5000,72.3200,2740524,205541199.6900,3,4.190400,1,5.779900,90.713970,13.103105,22.386621,78.040602,0
230,2021-11-19,sh.605376,76.4800,78.1800,74.2000,77.7700,76.5000,2651144,203234921.7800,3,4.053700,1,1.660100,92.219941,13.320634,22.758268,79.336178,0
231,2021-11-22,sh.605376,77.9800,81.1800,77.3000,80.5500,77.7700,2306340,182522065.8000,3,3.526500,1,3.574600,95.516474,13.796799,23.571795,82.172163,0
232,2021-11-23,sh.605376,80.3500,80.3500,78.0800,78.1000,80.5500,1571300,123894552.0000,3,2.402600,1,-3.041600,92.611256,13.377157,22.854838,79.672824,0
233,2021-11-24,sh.605376,77.5600,79.2000,77.0900,78.1200,78.1000,1156172,90632398.2000,3,1.767800,1,0.025600,92.634972,13.380583,22.860690,79.693226,0
234,2021-11-25,sh.605376,78.9900,79.7600,76.6000,78.5800,78.1200,1204690,94395813.7600,3,1.842000,1,0.588800,93.180441,13.459373,22.995303,80.162490,0
235,2021-11-26,sh.605376,77.9000,80.8900,77.5300,78.1800,78.5800,1479704,117082624.0400,3,2.262500,1,-0.509000,92.706120,13.390860,22.878248,79.754435,0
236,2021-11-29,sh.605376,76.2000,85.3600,76.1000,84.0000,78.1800,3121906,256729074.7000,3,4.773600,1,7.444400,99.607497,14.387723,24.581387,85.691641,0
237,2021-11-30,sh.605376,83.9500,86.6800,83.0100,83.2400,84.0000,2825400,238420204.0000,3,4.320200,1,-0.904800,98.706286,14.257549,24.358984,84.916336,0
238,2021-12-01,sh.605376,84.1400,84.5700,79.0700,79.5000,83.2400,2755306,222328436.3200,3,4.213000,1,-4.493000,94.271381,13.616952,23.264527,81.101018,0
239,2021-12-02,sh.605376,79.3100,80.0000,78.0300,78.1800,79.5000,2394190,188387286.0000,3,3.660800,1,-1.660400,92.706120,13.390860,22.878248,79.754435,0
240,2021-12-03,sh.605376,78.0500,79.7500,77.9400,79.4000,78.1800,1879922,148543405.5600,3,2.874500,1,1.560500,94.152800,13.599824,23.235264,80.999004,0
241,2021-12-06,sh.605376,79.3500,80.8000,76.1700,79.3000,79.4000,2219310,175023967.4100,3,3.393400,1,-0.125900,94.034220,13.582696,23.206000,80.896990,0
242,2021-12-07,sh.605376,79.2800,79.7800,75.5000,75.7200,79.3000,1924765,146894141.8700,3,2.943100,1,-4.514500,89.789043,12.969505,22.158365,77.244894,0
243,2021-12-08,sh.605376,76.9800,78.3000,74.3300,78.3000,75.7200,2622400,201210450.0000,3,1.498100,1,3.407300,92.848416,13.411413,22.913365,79.876851,0
244,2021-12-09,sh.605376,78.4900,80.3500,77.1000,80.2500,78.3000,2581825,205405920.5900,3,1.474900,1,2.490400,95.160733,13.745414,23.484004,81.866122,0
245,2021-12-10,sh.605376,80.7000,85.7800,80.2800,84.7800,80.2500,4366841,367417539.6300,3,2.494700,1,5.644900,100.532423,14.521324,24.809643,86.487349,0
246,2021-12-13,sh.605376,83.2000,86.1500,83.1100,84.5200,84.7800,2561821,216590680.7200,3,1.463500,1,-0.306700,100.224114,14.476790,24.733558,86.222113,0
247,2021-12-14,sh.605376,85.0000,87.5500,83.2100,85.0000,84.5200,2458741,209282371.3300,3,1.404600,1,0.567900,100.793300,14.559006,24.874023,86.711780,0
248,2021-12-15,sh.605376,85.4200,86.4000,83.4800,83.4800,85.0000,1678100,141374483.8000,3,0.958700,1,-1.788200,98.990879,14.298656,24.429217,85.161169,0
249,2021-12-16,sh.605376,84.0700,85.9800,83.0200,85.0000,83.4800,2099495,178264429.1500,3,1.199400,1,1.820800,100.793300,14.559006,24.874023,86.711780,0
250,2021-12-17,sh.605376,86.3200,86.9500,83.6000,84.3100,85.0000,1424321,120684043.8900,3,0.813700,1,-0.811800,99.975096,14.440821,24.672104,86.007884,0
251,2021-12-20,sh.605376,84.9600,85.9800,83.4800,84.4000,84.3100,1622300,137335020.0000,3,0.926800,1,0.106700,100.081818,14.456236,24.698442,86.099697,0
252,2021-12-21,sh.605376,84.6300,85.8800,84.0000,85.0000,84.4000,1467062,124426227.2400,3,0.838100,1,0.710900,100.793300,14.559006,24.874023,86.711780,0
253,2021-12-22,sh.605376,84.5100,88.8800,84.5100,85.0200,85.0000,2674988,232009492.5000,3,1.528200,1,0.023500,100.817016,14.562431,24.879876,86.732183,0
254,2021-12-23,sh.605376,88.0000,89.9800,85.6000,87.8700,85.0200,2451493,215369252.7400,3,1.400500,1,3.352200,104.196556,15.050586,25.713887,89.639578,0
255,2021-12-24,sh.605376,89.0000,89.0000,85.6000,87.5000,87.8700,2087693,181945238.3000,3,1.192600,1,-0.421100,103.757809,14.987212,25.605612,89.262126,0
256,2021-12-27,sh.605376,87.3700,87.4800,83.0000,86.2900,87.5000,2232121,190298335.2800,3,1.275200,1,-1.382900,102.322987,14.779960,25.251523,88.027759,0
257,2021-12-28,sh.605376,86.7700,87.6000,85.6400,86.3000,86.2900,757783,65433898.3000,3,0.432900,1,0.011600,102.334845,14.781673,25.254449,88.037960,0
258,2021-12-29,sh.605376,86.4700,86.8800,83.3500,84.8800,86.3000,1205700,102064832.0000,3,0.688800,1,-1.645400,100.651004,14.538452,24.838907,86.589363,0
259,2021-12-30,sh.605376,85.0800,85.6000,82.3800,83.4000,84.8800,1303895,109177229.0000,3,0.744900,1,-1.743600,98.896014,14.284954,24.405806,85.079558,0
260,2021-12-31,sh.605376,83.3700,85.1300,83.3700,84.0300,83.4000,1070555,90340963.8700,3,0.611600,1,0.755400,99.643071,14.392862,24.590166,85.722246,0
261,2022-01-04,sh.605376,84.2800,85.0900,81.1000,81.1000,84.0300,1853800,153582851.0000,3,1.059000,1,-3.486800,96.168666,13.891004,23.732744,82.733239,0
262,2022-01-05,sh.605376,81.0000,81.3000,77.1700,77.8100,81.1000,3304688,259485091.3600,3,1.887900,1,-4.056700,92.267373,13.327485,22.769973,79.376984,0
263,2022-01-06,sh.605376,77.7000,78.6800,76.6800,77.0000,77.8100,2379083,184822483.6000,3,1.359100,1,-1.041000,91.306872,13.188746,22.532938,78.550671,0
264,2022-01-07,sh.605376,77.0000,77.8800,75.0000,75.3500,77.0000,2271681,173388585.5100,3,1.297800,1,-2.142900,89.350296,12.906130,22.050090,76.867443,0
265,2022-01-10,sh.605376,75.4500,76.2700,73.0000,73.9700,75.3500,1771600,131177881.6600,3,1.012100,1,-1.831500,87.713887,12.669761,21.646253,75.459651,0
266,2022-01-11,sh.605376,73.7700,76.2800,73.6600,75.9700,73.9700,1804284,135258947.7800,3,1.030700,1,2.703800,90.085494,13.012325,22.231524,77.499929,0
267,2022-01-12,sh.605376,75.9500,76.3800,74.8800,75.2100,75.9700,1345000,101364285.4000,3,0.768400,1,-1.000400,89.184284,12.882151,22.009121,76.724623,0
268,2022-01-13,sh.605376,75.7500,76.2700,73.9600,75.2100,75.2100,1027100,77234257.0000,3,0.586800,1,0.000000,89.184284,12.882151,22.009121,76.724623,0
269,2022-01-14,sh.605376,74.6300,76.8300,73.6200,76.6600,75.2100,1037600,78646543.0000,3,0.592800,1,1.927900,90.903699,13.130510,22.433442,78.203824,0
270,2022-01-17,sh.605376,76.2400,80.0000,76.0000,77.4400,76.6600,2291288,179753910.7600,3,1.309000,1,1.017500,91.828625,13.264111,22.661698,78.999532,0
271,2022-01-18,sh.605376,77.1500,78.9500,76.8000,77.4400,77.4400,962100,75064401.0000,3,0.549600,1,0.000000,91.828625,13.264111,22.661698,78.999532,0
272,2022-01-19,sh.605376,77.5400,77.7700,75.6000,76.3000,77.4400,1070100,82024653.0000,3,0.611300,1,-1.472100,90.476809,13.068849,22.328094,77.836574,0
273,2022-01-20,sh.605376,76.0000,76.8600,73.0100,73.8100,76.3000,1112973,82788466.6800,3,0.635800,1,-3.263400,87.524159,12.642355,21.599431,75.296429,0
274,2022-01-21,sh.605376,73.7300,75.4400,73.3000,74.9000,73.8100,899068,66695649.1600,3,0.513600,1,1.476800,88.816684,12.829053,21.918404,76.408380,0
275,2022-01-24,sh.605376,74.0000,75.3800,70.5100,74.4800,74.9000,1898491,139121532.7000,3,1.084600,1,-0.560700,88.318647,12.757115,21.795497,75.979922,0
276,2022-01-25,sh.605376,73.0000,75.5000,70.6900,70.8100,74.4800,1067003,77369062.4300,3,0.609600,1,-4.927500,83.966748,12.128508,20.721524,72.236013,0
277,2022-01-26,sh.605376,70.5000,72.9500,69.7500,72.2900,70.8100,1392390,99284201.1000,3,0.795400,1,2.090100,85.721737,12.382006,21.154625,73.745819,0
278,2022-01-27,sh.605376,73.5000,73.5000,70.1900,70.4400,72.2900,880721,62715248.1400,3,0.503100,1,-2.559100,83.528001,12.065134,20.613249,71.858562,0
279,2022-01-28,sh.605376,71.5000,71.5500,68.0500,69.1600,70.4400,1583150,110622009.5000,3,0.904400,1,-1.817100,82.010172,11.845892,20.238676,70.552785,0
280,2022-02-07,sh.605376,70.7000,70.7000,68.5000,68.6200,69.1600,846489,58659286.1800,3,0.483600,1,-0.780800,81.369838,11.753400,20.080652,70.001910,0
281,2022-02-08,sh.605376,68.0000,69.2100,65.2200,68.7000,68.6200,1677189,111783471.3000,3,0.958100,1,0.116600,81.464703,11.767102,20.104063,70.083521,0
282,2022-02-09,sh.605376,68.0000,70.7400,67.8000,70.0000,68.7000,2126995,147939751.2600,3,1.215100,1,1.892300,83.006247,11.989769,20.484490,71.409701,0
283,2022-02-10,sh.605376,70.5000,70.6800,69.3100,69.8600,70.0000,871500,60913941.0000,3,0.497900,1,-0.200000,82.840235,11.965790,20.443521,71.266882,0
284,2022-02-11,sh.605376,69.1800,69.3500,66.1000,66.4700,69.8600,968807,65416058.2700,3,0.553500,1,-4.852600,78.820361,11.385142,19.451486,67.808612,0
285,2022-02-14,sh.605376,66.2400,68.4000,65.1000,67.0000,66.4700,1438314,95374529.6700,3,0.821700,1,0.797400,79.448837,11.475922,19.606583,68.349285,0
286,2022-02-15,sh.605376,67.2500,68.2400,65.6000,68.1000,67.0000,1641800,109956931.0000,3,0.937900,1,1.641800,80.753220,11.664333,19.928482,69.471438,0
287,2022-02-16,sh.605376,68.7500,69.0200,66.8800,67.0600,68.1000,1174700,79590587.3900,3,0.671100,1,-1.527200,79.519985,11.486199,19.624141,68.410494,0
288,2022-02-17,sh.605376,66.6100,67.9900,66.0000,66.3200,67.0600,1412250,94484765.9500,3,0.806800,1,-1.103500,78.642490,11.359450,19.407591,67.655591,0
289,2022-02-18,sh.605376,65.5000,66.2800,64.1200,65.4600,66.3200,2005089,130285179.9400,3,1.145500,1,-1.296700,77.622699,11.212147,19.155924,66.778272,0
290,2022-02-21,sh.605376,65.5000,66.6000,63.2000,63.5800,65.4600,2146720,137634708.6300,3,1.226400,1,-2.872000,75.393388,10.890136,18.605769,64.860411,0
291,2022-02-22,sh.605376,63.9000,63.9000,60.6900,62.0000,63.5800,2368400,146315707.0000,3,1.353000,1,-2.485100,73.519819,10.619510,18.143405,63.248592,0
292,2022-02-23,sh.605376,61.6100,64.2000,61.6100,63.4000,62.0000,3266000,207115242.3300,3,1.865800,1,2.258100,75.179944,10.859305,18.553095,64.676786,0
293,2022-02-24,sh.605376,63.4000,63.6400,59.4000,60.2400,63.4000,3146284,192650266.9700,3,1.797400,1,-4.984200,71.432805,10.318053,17.628366,61.453149,0
294,2022-02-25,sh.605376,60.8200,64.5000,60.4200,63.2200,60.2400,5532651,347623854.2900,3,3.160700,1,4.946900,74.966499,10.828475,18.500420,64.493162,0
295,2022-02-28,sh.605376,62.8300,63.6000,60.7400,63.1000,63.2200,2795000,174405092.0000,3,1.596700,1,-0.189800,74.824203,10.807921,18.465304,0.000000,0
296,2022-03-01,sh.605376,63.1400,63.4700,61.5000,61.8900,63.1000,2000700,124292977.0000,3,1.143000,1,-1.917600,73.389381,10.600669,18.111215,63.136377,0
297,2022-03-02,sh.605376,61.9000,62.0000,60.1800,60.8100,61.8900,1764400,107375256.0000,3,1.008000,1,-1.745000,72.108713,10.415684,17.795169,62.034628,0
298,2022-03-03,sh.605376,61.4200,61.6000,58.2800,58.4500,60.8100,3588836,212502126.0000,3,2.050200,1,-3.880900,69.310216,10.011457,17.104549,59.627100,0
299,2022-03-04,sh.605376,58.3400,59.1100,57.0800,57.5700,58.4500,2892400,168122197.0000,3,1.652400,1,-1.505600,68.266709,9.860729,16.847029,58.729379,0
300,2022-03-07,sh.605376,57.5000,57.5000,53.8400,54.4100,57.5700,6249883,344343088.0000,3,3.570400,1,-5.489000,64.519570,9.319476,15.922301,55.505741,0
301,2022-03-08,sh.605376,55.2100,56.6000,51.8500,52.2000,54.4100,5687906,304824000.0000,3,3.249400,1,-4.061800,61.898944,8.940942,15.275576,53.251234,0
302,2022-03-09,sh.605376,51.8700,52.6500,48.7000,50.7400,52.2000,5384305,272516048.0000,3,3.075900,1,-2.796900,60.167671,8.690870,14.848329,51.761832,0
303,2022-03-10,sh.605376,52.9800,53.4500,51.0200,52.1000,50.7400,5273735,275301840.0000,3,3.012800,1,2.680300,61.780364,8.923814,15.246313,53.149220,0
304,2022-03-11,sh.605376,51.0000,51.4900,49.7800,50.4500,52.1000,4760194,240095417.0000,3,2.719400,1,-3.167000,59.823788,8.641198,14.763464,51.465992,0
305,2022-03-14,sh.605376,50.0000,50.6600,48.3700,48.3900,50.4500,3821100,187863313.0000,3,2.182900,1,-4.083300,57.381033,8.288356,14.160635,49.364506,0
306,2022-03-15,sh.605376,48.3700,48.3900,45.6000,45.7100,48.3900,5286300,248782344.0000,3,3.019900,1,-5.538300,54.203079,7.829319,13.376372,46.630535,0
307,2022-03-16,sh.605376,46.6000,46.9400,43.5600,45.7200,45.7100,4780340,215808102.0000,3,2.730900,1,0.021900,54.214937,7.831032,13.379298,46.640736,0
308,2022-03-17,sh.605376,46.0000,50.2400,45.8800,48.5000,45.7200,6057750,291885232.0000,3,3.460600,1,6.080500,57.511471,8.307197,14.192825,49.476722,0
309,2022-03-18,sh.605376,48.0000,50.1000,47.3000,49.1900,48.5000,4411465,214844900.8000,3,2.520200,1,1.422700,58.329676,8.425382,14.394743,50.180617,0
310,2022-03-21,sh.605376,49.1000,51.8400,48.6100,51.2000,49.1900,5277730,269318506.2100,3,3.015000,1,4.086200,60.713141,8.769660,14.982941,52.231096,0
311,2022-03-22,sh.605376,50.9400,51.0000,48.8800,49.1700,51.2000,3733893,185479311.3000,3,2.133100,1,-3.964800,58.305960,8.421957,14.388891,50.160214,0
312,2022-03-23,sh.605376,49.3900,49.9700,48.6400,49.2100,49.1700,2108400,104036124.0000,3,1.204500,1,0.081400,58.353392,8.428808,14.400596,50.201020,0
313,2022-03-24,sh.605376,49.2300,49.5000,48.2000,48.7500,49.2100,2241189,109041502.7100,3,1.280300,1,-0.934800,57.807922,8.350018,14.265984,49.731756,0
314,2022-03-25,sh.605376,48.8600,49.5500,47.6100,47.7000,48.7500,2375960,115093807.9300,3,1.357300,1,-2.153800,56.562828,8.170171,13.958716,48.660611,0
315,2022-03-28,sh.605376,48.0000,48.2000,46.5500,47.0000,47.7000,2315402,108807126.2900,3,1.322700,1,-1.467500,55.732766,8.050274,13.753872,47.946514,0
316,2022-03-29,sh.605376,47.7100,47.7100,45.4500,45.9300,47.0000,2043813,94270581.0900,3,1.167600,1,-2.276600,54.463956,7.867002,13.440751,46.854965,0
317,2022-03-30,sh.605376,46.1300,46.8100,45.6600,46.5600,45.9300,1829940,84831779.0000,3,1.045400,1,1.371700,55.211012,7.974909,13.625112,47.497653,0
318,2022-03-31,sh.605376,46.4000,46.4000,45.3000,45.3300,46.5600,1538293,70295383.7100,3,0.878800,1,-2.641800,53.752474,7.764232,13.265170,46.242882,0
319,2022-04-01,sh.605376,45.2800,46.5600,44.4400,45.7000,45.3300,1945700,88937411.0000,3,1.111500,1,0.816200,54.191221,7.827607,13.373445,46.620333,0
320,2022-04-06,sh.605376,45.7000,45.9500,44.1000,44.8000,45.7000,2138100,95315546.0000,3,1.221400,1,-1.969400,53.123998,7.673452,13.110073,45.702209,0
321,2022-04-07,sh.605376,44.7000,44.7000,43.4600,43.5200,44.8000,1976000,86928307.0000,3,1.128800,1,-2.857100,51.606170,7.454211,12.735500,44.396431,0
322,2022-04-08,sh.605376,43.6800,43.8200,42.3800,42.9500,43.5200,1581424,67805548.3600,3,0.903400,1,-1.309700,50.930262,7.356580,12.568698,43.814952,0
323,2022-04-11,sh.605376,42.5100,42.6600,39.8000,40.3400,42.9500,2889523,118166432.3100,3,1.650700,1,-6.076800,47.835314,6.909533,11.804919,41.152391,0
324,2022-04-12,sh.605376,40.0000,41.5500,39.4300,41.5500,40.3400,3418325,138243383.0400,3,1.952800,1,2.999500,45.701495,6.845281,11.208517,-29.794194,0
325,2022-04-13,sh.605376,41.3000,42.4500,40.4200,41.3000,41.5500,3341025,138557293.7000,3,1.908600,1,-0.601700,45.426516,6.804094,11.141077,-29.614926,0
326,2022-04-14,sh.605376,41.3900,42.5900,41.3900,41.8000,41.3000,1743200,73012367.9000,3,0.995800,1,1.210700,45.976474,6.886468,11.275957,-29.973461,0
327,2022-04-15,sh.605376,41.8000,42.3400,40.7000,41.4100,41.8000,1728465,71984679.5000,3,0.987400,1,-0.933000,45.547507,6.822216,11.170751,-29.693804,0
328,2022-04-18,sh.605376,41.5200,42.5000,40.3100,42.3800,41.4100,1937600,80936196.0000,3,1.106900,1,2.342400,46.614425,6.982022,11.432418,-30.389360,0
329,2022-04-19,sh.605376,43.0000,43.2800,42.1600,42.7000,42.3800,2169800,92629268.3500,3,1.239600,1,0.755100,46.966398,7.034741,11.518741,-30.618822,0
330,2022-04-20,sh.605376,42.8700,44.4400,42.0000,43.0900,42.7000,3219681,139620102.1200,3,1.839300,1,0.913300,47.395365,7.098993,11.623947,-30.898479,0
331,2022-04-21,sh.605376,42.9800,43.5300,41.1200,41.7400,43.0900,2927400,123530693.0000,3,1.672400,1,-3.133000,45.910479,6.876583,11.259772,-29.930437,0
332,2022-04-22,sh.605376,41.3300,42.5000,40.3600,42.0200,41.7400,2916750,121409464.5000,3,1.666300,1,0.670800,46.218456,6.922712,11.335305,-30.131216,0
333,2022-04-25,sh.605376,41.4000,41.5000,38.0900,38.2800,42.0200,3959806,156734027.4700,3,2.262100,1,-8.900500,42.104771,6.306555,10.326403,-27.449380,0
334,2022-04-26,sh.605376,37.6600,40.2500,36.3100,38.5400,38.2800,4118986,160378123.4800,3,2.353100,1,0.679200,44.169759,6.182095,9.850580,-34.060115,0
335,2022-04-27,sh.605376,37.7100,40.6800,37.3500,40.6100,38.5400,3278821,128661396.3700,3,1.873100,1,5.371000,46.542136,6.514138,10.379659,-35.889498,0
336,2022-04-28,sh.605376,40.6000,40.6000,38.0000,38.1500,40.6100,2403100,93491591.0000,3,1.372800,1,-6.057600,43.722790,6.119536,9.750899,-33.715448,0
337,2022-04-29,sh.605376,38.1800,41.8800,38.1200,41.3100,38.1500,3287592,131655768.7600,3,1.878100,1,8.283100,47.344389,6.626423,10.558575,-36.508130,0
338,2022-05-05,sh.605376,41.5000,43.2800,40.7000,42.8000,41.3100,3080660,130334400.6500,3,1.759900,1,3.606900,49.052042,6.865430,10.939409,-37.824933,0
339,2022-05-06,sh.605376,41.6000,42.3900,41.0000,41.7800,42.8000,1221606,51006857.8000,3,0.697900,1,-2.383200,47.883045,6.701814,10.678704,-36.923498,0
340,2022-05-09,sh.605376,41.5800,42.0400,40.8500,41.2500,41.7800,1081144,44779703.4400,3,0.617600,1,-1.268500,47.275625,6.616798,10.543239,-36.455105,0
341,2022-05-10,sh.605376,40.5300,45.3800,40.4100,45.3800,41.2500,2609080,112874798.8500,3,1.490500,1,10.012100,52.008918,7.279280,11.598841,-40.105034,0
342,2022-05-11,sh.605376,47.0000,48.7000,44.6000,47.5100,45.3800,5048575,239309595.8300,3,2.884100,1,4.693700,54.450059,7.620948,12.143255,-41.987443,0
343,2022-05-12,sh.605376,47.3100,48.2800,45.8400,48.0800,47.5100,3581765,169004698.0500,3,2.046200,1,1.199700,55.103322,7.712380,12.288944,-42.491186,0
344,2022-05-13,sh.605376,48.6200,48.8000,46.2800,47.2200,48.0800,2349020,110875132.0000,3,1.341900,1,-1.788700,54.117697,7.574430,12.069133,-41.731153,0
345,2022-05-16,sh.605376,47.7400,47.7700,45.8100,46.2700,47.2200,1265500,58710505.8900,3,0.722900,1,-2.011900,53.028925,7.422043,11.826319,-40.891581,0
346,2022-05-17,sh.605376,46.4100,47.9900,45.9000,46.9400,46.2700,1378137,64829669.1000,3,0.787300,1,1.448000,53.796796,7.529516,11.997567,-41.483700,0
347,2022-05-18,sh.605376,46.9400,48.7500,46.5000,48.5000,46.9400,1944235,93338701.7700,3,1.110700,1,3.323400,55.584674,7.779751,12.396293,-42.862366,0
348,2022-05-19,sh.605376,47.3600,48.5700,46.7900,47.9400,48.5000,1407300,66962409.0000,3,0.804000,1,-1.154600,54.942872,7.689923,12.253161,-42.367460,0
349,2022-05-20,sh.605376,47.9900,49.4600,47.5100,48.8800,47.9400,1775040,86205867.2000,3,1.014000,1,1.960800,56.020183,7.840706,12.493419,-43.198194,0
350,2022-05-23,sh.605376,48.8000,49.1000,47.6000,48.1500,48.8800,1141140,55032018.4000,3,0.651900,1,-1.493500,55.183547,7.723608,12.306835,-42.553050,0
351,2022-05-24,sh.605376,48.0100,48.3800,46.0800,46.2100,48.1500,1647138,77473678.1000,3,0.941000,1,-4.029100,52.960160,7.412418,11.810984,-40.838555,0
352,2022-05-25,sh.605376,46.2000,46.6500,45.5200,45.9200,46.2100,787503,36232561.4100,3,0.449900,1,-0.627600,52.627798,7.365900,11.736861,-40.582264,0
353,2022-05-26,sh.605376,45.9200,46.9800,45.3000,46.3100,45.9200,1031328,47564324.2400,3,0.589200,1,0.849300,53.074768,7.428459,11.836543,-40.926931,0
354,2022-05-27,sh.605376,46.3100,47.4000,45.2000,45.5400,46.3100,1211962,56066656.8600,3,0.692400,1,-1.662700,52.192290,7.304945,11.639736,-40.246436,0
355,2022-05-30,sh.605376,45.2000,45.7900,44.5400,44.9800,45.5400,1212238,54632546.5600,3,0.692500,1,-1.229700,51.550487,7.215117,11.496603,-39.751530,0
356,2022-05-31,sh.605376,44.9800,46.4900,44.2600,46.2000,44.9800,1322300,60173522.3600,3,0.755400,1,2.712300,52.948700,7.410814,11.808428,-40.829717,0
357,2022-06-01,sh.605376,46.0000,47.6500,45.5000,46.9900,46.0000,1304733,61045111.0300,3,0.745400,1,2.152200,53.854100,7.537536,12.010347,-41.527888,0
358,2022-06-02,sh.605376,46.9900,47.6000,46.4100,47.4800,46.9900,1287205,60899763.5000,3,0.735300,1,1.042800,54.415677,7.616135,12.135587,-41.960930,0
359,2022-06-06,sh.605376,47.5900,48.9800,47.2800,47.6000,47.4800,2640288,126687600.5100,3,1.508300,1,0.252700,54.553206,7.635384,12.166259,-42.066981,0
360,2022-06-07,sh.605376,47.8500,47.8600,45.3000,45.4600,47.6000,2630762,120863082.5200,3,1.502900,1,-4.495800,52.100604,7.292113,11.619288,-40.175735,0
361,2022-06-08,sh.605376,45.4600,47.6000,44.6800,45.7700,45.4600,2499969,115181754.1700,3,1.428200,1,0.681900,52.455887,7.341839,11.698522,-40.449700,0
362,2022-06-09,sh.605376,45.4900,45.6100,43.2800,44.7300,45.7700,1913259,85182010.1100,3,1.093000,1,-2.272200,51.263968,7.175016,11.432705,-39.530590,0
363,2022-06-10,sh.605376,44.2800,49.2000,44.0000,48.8900,44.7300,4178545,197953873.0900,3,2.387100,1,9.300200,56.031643,7.842310,12.495975,-43.207032,0
364,2022-06-13,sh.605376,48.7500,51.0000,48.0000,50.6500,48.8900,4707971,235418972.7900,3,2.689500,1,3.599900,58.048737,8.124626,12.945819,-44.762450,0
365,2022-06-14,sh.605376,50.0000,50.4800,48.0000,50.2000,50.6500,3307900,162452446.1200,3,1.889700,1,-0.888500,57.533003,8.052443,12.830802,-44.364758,0
366,2022-06-15,sh.605376,50.0000,50.4600,49.2700,49.7900,50.2000,2336043,116509680.1400,3,1.334500,1,-0.816700,57.063112,7.986676,12.726009,-44.002416,0
367,2022-06-16,sh.605376,50.0000,53.8300,49.8100,52.8500,49.7900,4042905,210355659.9100,3,2.309600,1,6.145800,60.570103,8.477522,13.508126,-46.706722,0
368,2022-06-17,sh.605376,53.0000,58.1400,52.9500,56.8800,52.8500,7816498,436814209.4000,3,4.465400,1,7.625400,65.188789,9.123963,14.538168,-50.268275,0
369,2022-06-20,sh.605376,56.5900,56.5900,54.0100,54.5500,56.8800,5255361,288074845.3400,3,3.002300,1,-4.096300,62.518432,8.750215,13.942635,-48.209114,0
370,2022-06-21,sh.605376,54.1500,54.5400,49.4000,50.1000,54.5500,6619352,342223704.4700,3,3.781500,1,-8.157700,57.418395,8.036402,12.805243,-44.276382,0
371,2022-06-22,sh.605376,49.6600,51.5500,48.5100,51.0000,50.1000,4990533,250548230.7000,3,2.851000,1,1.796400,58.449863,8.180769,13.035277,-45.071766,0
372,2022-06-23,sh.605376,50.8300,53.5000,49.0100,53.0000,51.0000,4519677,231598519.5500,3,2.582000,1,3.921600,60.742015,8.501583,13.546465,-46.839286,0
373,2022-06-24,sh.605376,53.3000,58.3000,53.2200,58.3000,53.0000,6810652,390954424.6300,3,3.890800,1,10.000000,66.816216,9.351742,14.901111,-51.523215,0
374,2022-06-27,sh.605376,60.0300,63.5400,58.6000,62.0700,58.3000,13290879,811381251.5100,3,7.592700,1,6.466600,71.136922,9.956477,15.864699,-54.854990,0
375,2022-06-28,sh.605376,62.5000,64.3500,60.8300,61.1200,62.0700,8269946,514312556.0200,3,4.724400,1,-1.530500,70.048150,9.804090,15.621885,-54.015418,0
376,2022-06-29,sh.605376,60.5000,60.5000,57.3500,58.1000,61.1200,6950239,406758314.5000,3,3.970500,1,-4.941100,66.587001,9.319660,14.849992,-51.346463,0
377,2022-06-30,sh.605376,58.0800,59.1100,57.4900,58.3000,58.1000,4047793,236281038.7200,3,2.312400,1,0.344200,66.816216,9.351742,14.901111,-51.523215,0
378,2022-07-01,sh.605376,58.3600,58.9900,56.7900,57.1800,58.3000,2902291,166218314.7100,3,1.658000,1,-1.921100,65.532611,9.172086,14.614846,-50.533403,0
379,2022-07-04,sh.605376,57.1600,60.0600,55.8000,58.8900,57.1800,3666761,212900936.5100,3,2.094700,1,2.990600,67.492401,9.446382,15.051911,-52.044633,0
380,2022-07-05,sh.605376,59.3500,61.0000,57.2000,58.6500,58.8900,3603576,211739719.6300,3,2.058600,1,-0.407500,67.217343,9.407884,14.990569,-51.832531,0
381,2022-07-06,sh.605376,58.5000,59.1100,56.3800,57.3000,58.6500,2485031,143382218.9700,3,1.419600,1,-2.301800,65.670141,9.191334,14.645517,-50.639455,0
382,2022-07-07,sh.605376,57.0000,57.8700,56.3800,56.8600,57.3000,2526888,143934269.0500,3,1.443500,1,-0.767900,65.165867,9.120755,14.533056,-50.250600,0
383,2022-07-08,sh.605376,57.7000,58.9400,57.0000,58.4000,56.8600,2935088,170045182.9700,3,1.676700,1,2.708400,66.930824,9.367782,14.926670,-51.611591,0
384,2022-07-11,sh.605376,57.9000,57.9000,52.5600,52.5600,58.4000,4178148,223478616.9400,3,2.386900,1,-10.000000,60.237741,8.431004,13.434003,-46.450432,0
385,2022-07-12,sh.605376,51.9500,51.9500,47.8800,48.2600,52.5600,6914308,341121334.3500,3,3.950000,1,-8.181100,55.309616,7.741253,12.334951,-42.650263,0
386,2022-07-13,sh.605376,48.0100,49.8100,47.8400,49.2300,48.2600,3680978,180087525.8100,3,2.102900,1,2.009900,56.421309,7.896848,12.582876,-43.507510,0
387,2022-07-14,sh.605376,49.2300,51.8800,48.5300,50.3500,49.2300,4067763,205900277.2800,3,2.323800,1,2.275000,57.704914,8.076504,12.869141,-44.497322,0
388,2022-07-15,sh.605376,50.0000,51.4100,49.9000,50.2300,50.3500,2858971,144592098.8000,3,1.633300,1,-0.238300,57.567385,8.057255,12.838470,-44.391271,0
389,2022-07-18,sh.605376,50.2300,51.0000,49.0800,49.5800,50.2300,3346399,165967040.4200,3,1.911700,1,-1.294000,56.822436,7.952991,12.672334,-43.816826,0
390,2022-07-19,sh.605376,49.9100,50.9600,48.7000,50.1000,49.5800,2211860,110546640.9700,3,1.263600,1,1.048800,57.418395,8.036402,12.805243,-44.276382,0
391,2022-07-20,sh.605376,50.5000,50.5500,49.0000,49.3000,50.1000,2339719,115897571.7200,3,1.336600,1,-1.596800,56.501535,7.908077,12.600768,-43.569374,0
392,2022-07-21,sh.605376,48.9500,49.5700,47.5000,47.9900,49.3000,4795799,233594210.9900,3,2.739700,1,-2.657200,55.000175,7.697943,12.265940,-42.411648,0
393,2022-07-22,sh.605376,48.0000,48.4700,46.7000,47.7400,47.9900,3087269,146537105.7000,3,1.763700,1,-0.520900,54.713656,7.657841,12.202042,-42.190708,0
394,2022-07-25,sh.605376,47.8400,48.1900,46.6700,46.7700,47.7400,1503022,71017453.0400,3,0.858600,1,-2.031800,53.601963,7.502246,11.954116,-41.333461,0
395,2022-07-26,sh.605376,46.6400,47.3200,46.4000,46.8500,46.7700,1865717,87403623.5700,3,1.065800,1,0.171000,53.693649,7.515079,11.974563,-41.404161,0
396,2022-07-27,sh.605376,46.7700,49.1000,46.3900,48.9000,46.8500,3445779,166067849.6600,3,1.968500,1,4.375700,56.043104,7.843914,12.498530,-43.215870,0
397,2022-07-28,sh.605376,48.9100,51.3000,48.2800,50.4200,48.9000,3937737,197471328.1000,3,2.249500,1,3.108400,57.785139,8.087733,12.887033,-44.559185,0
398,2022-07-29,sh.605376,50.9000,50.9000,48.6000,48.7500,50.4200,2959681,146615190.5100,3,1.690800,1,-3.312200,55.871193,7.819853,12.460191,-43.083306,0
399,2022-08-01,sh.605376,48.7100,51.2900,47.8100,51.2900,48.7500,3912889,196099246.6400,3,2.235300,1,5.210300,58.782225,8.227287,13.109399,-45.328056,0
400,2022-08-02,sh.605376,51.0000,54.2800,48.5000,52.7000,51.2900,6739244,347463175.2600,3,3.850000,1,2.749100,60.398192,8.453461,13.469786,-46.574158,0
401,2022-08-03,sh.605376,52.4500,53.8000,50.8000,51.0500,52.7000,5319429,278312198.8200,3,3.038900,1,-3.130900,58.507167,8.188789,13.048057,-45.115954,0
402,2022-08-04,sh.605376,51.2100,51.6400,49.8000,50.4000,51.0500,2246800,113827237.0000,3,1.283500,1,-1.273300,57.762218,8.084525,12.881921,-44.541510,0
403,2022-08-05,sh.605376,50.3600,52.6200,49.7300,51.7000,50.4000,2401289,123312379.0000,3,1.371800,1,2.579400,59.252116,8.293054,13.214193,-45.690398,0
404,2022-08-08,sh.605376,51.4600,54.1800,50.6000,54.1800,51.7000,4848996,256746251.0000,3,2.770100,1,4.796900,62.094384,8.690864,13.848065,-47.882123,0
405,2022-08-09,sh.605376,54.0000,54.1300,52.0500,52.7900,54.1800,3512463,185232402.0000,3,2.006600,1,-2.565500,60.501339,8.467898,13.492790,-46.653696,0
406,2022-08-10,sh.605376,52.7800,56.5800,52.2000,55.3000,52.7900,4582923,249348819.0000,3,2.618100,1,4.754700,63.377989,8.870520,14.134330,-48.871934,0
407,2022-08-11,sh.605376,54.9500,57.8800,54.6000,56.3100,55.3000,4062666,228596845.0000,3,2.320900,1,1.826400,64.535526,9.032531,14.392480,-49.764532,0
408,2022-08-12,sh.605376,56.1800,57.2100,55.5600,55.7000,56.3100,2631213,148296255.0000,3,1.503100,1,-1.083300,63.836419,8.934683,14.236567,-49.225438,0
409,2022-08-15,sh.605376,55.2900,56.6300,54.6100,54.8800,55.7000,2409794,133511937.6800,3,1.376700,1,-1.472200,62.896637,8.803149,14.026981,-48.500755,0
410,2022-08-16,sh.605376,54.8300,56.4000,54.0100,54.8600,54.8800,2277367,125972418.6800,3,1.301000,1,-0.036400,62.873716,8.799941,14.021869,-48.483080,0
411,2022-08-17,sh.605376,54.6700,55.8600,54.0500,55.1300,54.8600,2398179,131588956.6700,3,1.370000,1,0.492200,63.183156,8.843251,14.090879,-48.721695,0
412,2022-08-18,sh.605376,54.7100,60.5000,54.3800,59.9700,55.1300,6763795,392054017.8300,3,3.864000,1,8.779200,68.730163,9.619622,15.327952,-52.999094,0
413,2022-08-19,sh.605376,61.1900,65.9700,61.1900,64.7000,59.9700,13077560,850143381.2600,3,7.470900,1,7.887300,74.361540,10.339671,16.814182,-111.934258,0
414,2022-08-22,sh.605376,65.0000,65.3900,60.6000,62.0000,64.7000,6915612,430437902.9700,3,3.950700,1,-4.173100,71.258354,9.908185,16.112508,-107.263122,0
415,2022-08-23,sh.605376,61.0000,61.6200,57.8900,59.0100,62.0000,7908794,467636655.7100,3,4.518100,1,-4.822600,67.821862,9.430355,15.335470,-102.090272,0
416,2022-08-24,sh.605376,58.4800,59.1300,53.2000,54.1800,59.0100,6892903,380780417.2300,3,3.937700,1,-8.185100,62.270607,8.658476,14.080253,-93.734128,0
417,2022-08-25,sh.605376,53.8800,54.7300,50.8600,51.3000,54.1800,4728768,247239929.1800,3,2.701400,1,-5.315600,58.960541,8.198224,13.331801,-88.751583,0
418,2022-08-26,sh.605376,51.3100,53.5000,50.5000,50.9100,51.3000,3437843,178251310.7500,3,1.964000,1,-0.760200,58.512303,8.135899,13.230448,-88.076864,0
419,2022-08-29,sh.605376,50.0100,51.1500,48.8400,49.7700,50.9100,3935941,196822147.2800,3,2.248500,1,-2.239200,57.202069,7.953716,12.934186,-86.104606,0
420,2022-08-30,sh.605376,50.0000,51.2500,49.0000,51.0100,49.7700,4696885,235214147.9300,3,2.683200,1,2.491500,58.627236,8.151880,13.256436,-88.249869,0
421,2022-08-31,sh.605376,50.6800,51.7000,48.0800,49.1900,51.0100,3631235,179060733.3400,3,2.074400,1,-3.567900,56.535458,7.861026,12.783456,-85.101177,0
422,2022-09-01,sh.605376,49.1900,49.7500,47.7100,47.8600,49.1900,2846465,138259127.1100,3,1.626100,1,-2.703800,55.006852,7.648480,12.437817,-82.800210,0
423,2022-09-02,sh.605376,47.9200,48.1800,46.7200,46.8400,47.8600,2974335,140169320.0400,3,1.699200,1,-2.131200,53.834537,7.485474,12.172740,-81.035559,0
424,2022-09-05,sh.605376,46.7000,47.8900,46.4100,46.6000,46.8400,2671511,125589411.5600,3,1.526200,1,-0.512400,53.558698,7.447120,12.110369,-80.620347,0
425,2022-09-06,sh.605376,46.6500,50.5000,46.3900,49.5000,46.6000,3865079,187121008.1800,3,2.208000,1,6.223200,56.891750,7.910567,12.864019,-85.637493,0
426,2022-09-07,sh.605376,48.9600,50.3500,48.7000,49.3400,49.5000,2533688,125715154.2300,3,1.447400,1,-0.323200,56.707858,7.884998,12.822438,-85.360685,0
427,2022-09-08,sh.605376,49.3400,49.5700,48.1000,48.1800,49.3400,2326851,112926178.9100,3,1.329300,1,-2.351000,55.374637,7.699619,12.520978,-83.353826,0
428,2022-09-09,sh.605376,48.1900,49.2200,47.3800,48.8000,48.1800,2192312,105703764.7200,3,1.252400,1,1.286800,56.087220,7.798701,12.682103,-84.426457,0
429,2022-09-13,sh.605376,49.3000,49.5000,48.0600,48.4000,48.8000,1591272,77308857.8700,3,0.909100,1,-0.819700,55.627489,7.734777,12.578152,-83.734437,0
430,2022-09-14,sh.605376,47.1300,49.0000,47.0000,48.2400,48.4000,1805641,86867473.6900,3,1.031500,1,-0.330600,55.443597,7.709207,12.536571,-83.457629,0
431,2022-09-15,sh.605376,48.2400,48.4800,44.4500,45.5500,48.2400,4384184,200240629.9300,3,2.504600,1,-5.576300,52.351904,7.279320,11.837496,-78.803794,0
432,2022-09-16,sh.605376,45.9100,45.9100,44.0000,44.2600,45.5500,1900564,84767435.2400,3,1.085700,1,-2.832100,50.869270,7.073166,11.502252,-76.572029,0
433,2022-09-19,sh.605376,44.5000,44.7300,42.6600,43.2500,44.2600,2380400,103409524.7500,3,1.359900,1,-2.282000,49.708448,6.911758,11.239774,-74.824678,0
434,2022-09-20,sh.605376,43.4900,44.3200,43.0200,43.5800,43.2500,2251582,98151804.8600,3,1.286300,1,0.763000,50.087727,6.964495,11.325534,-75.395595,0
435,2022-09-21,sh.605376,43.2800,44.0000,41.7700,43.6900,43.5800,2874795,123944884.1800,3,1.642300,1,0.252400,50.214153,6.982074,11.354121,-75.585900,0
436,2022-09-22,sh.605376,43.3000,46.1800,43.0000,44.7000,43.6900,3729338,168330215.8900,3,2.130500,1,2.311700,51.374974,7.143482,11.616599,-77.333251,0
437,2022-09-23,sh.605376,44.9900,45.6300,42.6000,43.2100,44.7000,2128468,92995871.5400,3,1.215900,1,-3.333300,49.662475,6.905366,11.229379,-74.755476,0
438,2022-09-26,sh.605376,43.4000,43.9200,41.9300,42.2600,43.2100,2154312,92320839.4700,3,1.230700,1,-2.198600,48.570613,6.753547,10.982494,-73.111928,0
439,2022-09-27,sh.605376,44.8000,46.4900,44.8000,46.4900,42.2600,2669745,122583508.1300,3,1.525200,1,10.009500,53.432272,7.429541,12.081782,-80.430041,0
440,2022-09-28,sh.605376,48.8300,48.8300,44.6100,45.8200,46.4900,5832190,267107253.6300,3,3.331800,1,-1.441200,52.662222,7.322469,11.907663,-79.270907,0
441,2022-09-29,sh.605376,45.8900,48.1000,44.8000,47.8900,45.8200,5051562,237559447.8100,3,2.885800,1,4.517700,55.041332,7.653274,12.445613,-82.852112,0
442,2022-09-30,sh.605376,47.9800,48.3000,46.0900,46.3000,47.8900,2306232,107994446.2400,3,1.317500,1,-3.320100,53.213900,7.399177,12.032405,-80.101332,0
443,2022-10-10,sh.605376,46.0500,47.9700,45.0300,45.4200,46.3000,3260195,151698784.3400,3,1.862500,1,-1.900600,52.202491,7.258545,11.803712,-78.578887,0
444,2022-10-11,sh.605376,45.9200,45.9200,44.2600,45.6000,45.4200,1544962,70062198.0400,3,0.882600,1,0.396300,52.409370,7.287311,11.850490,-78.890296,0
445,2022-10-12,sh.605376,45.0000,47.1600,44.2500,47.0200,45.6000,2186330,100138041.8900,3,1.249000,1,3.114000,54.041416,7.514240,12.219518,-81.346968,0
446,2022-10-13,sh.605376,46.5900,47.6900,46.2000,46.8100,47.0200,1621300,76473585.2500,3,0.926200,1,-0.446600,53.800057,7.480680,12.164944,-80.983657,0
447,2022-10-14,sh.605376,46.7600,48.6900,46.5900,48.1700,46.8100,2465711,117787638.1000,3,1.408600,1,2.905400,55.363144,7.698021,12.518379,-83.336526,0
448,2022-10-17,sh.605376,47.5700,49.7800,47.5700,49.4900,48.1700,1947324,95661389.3500,3,1.112500,1,2.740300,56.880257,7.908969,12.861420,-85.620192,0
449,2022-10-18,sh.605376,49.2500,51.9300,49.0200,51.5300,49.4900,3148346,159612717.7700,3,1.798600,1,4.122000,59.224887,8.234981,13.391573,-89.149495,0
450,2022-10-19,sh.605376,51.1000,51.6600,49.6000,50.3700,51.5300,2553374,129291691.9800,3,1.458700,1,-2.251100,57.891666,8.049602,13.090114,-87.142636,0
451,2022-10-20,sh.605376,49.8000,50.8000,48.2000,49.8500,50.3700,2430719,120056729.0100,3,1.388600,1,-1.032400,57.294015,7.966501,12.954977,-86.243010,0
452,2022-10-21,sh.605376,49.5600,50.3500,48.6000,49.9500,49.8500,1267751,62813854.7600,3,0.724200,1,0.200600,57.408948,7.982482,12.980964,-86.416015,0
453,2022-10-24,sh.605376,49.7000,51.3000,48.8100,49.4300,49.9500,1794332,89220759.3500,3,1.025100,1,-1.041000,56.811297,7.899381,12.845827,-85.516389,0
454,2022-10-25,sh.605376,49.1300,49.8000,47.5000,49.1900,49.4300,2268717,110655123.9500,3,1.296100,1,-0.485500,56.535458,7.861026,12.783456,-85.101177,0
455,2022-10-26,sh.605376,48.7400,50.3500,48.5000,49.6600,49.1900,2633641,130996959.9900,3,1.504500,1,0.955500,57.075643,7.936137,12.905599,-85.914301,0
